<?xml version="1.0" encoding="utf-8"?>

<!--
@name     document_addtag
@author   Andrii Burkatskyi, ocmod.space@gmail.com
@version  2.2.1
@link     https://github.com/ocmod-space/ocmod-document-addtag
@link     https://www.opencart.com/index.php?route=marketplace/extension&amp;filter_member=ocmod.space
@link     https://github.com/ocmod-space/ocmod-document-addtag
@licence  https://raw.githubusercontent.com/ocmod-space/ocmod-document-addtag/main/LICENSE.txt
-->

<modification>
    <name>/ocmod.space/document_addtag</name>
    <code>XMLCODE</code>
    <version>2.2.1</version>
    <author>Andrii Burkatskyi</author>
    <link>https://www.opencart.com/index.php?route=marketplace/extension&amp;filter_member=ocmod.space</link>

    <file path="system/library/document.php" error="log">
        <operation error="log">
            <search>
				<![CDATA[private $scripts = array();]]>
			</search>
            <add position="after"><![CDATA[
	/// << /ocmod.space/document_addtag
	private $tags = array();

	/**
	 * Save any html tag with content and attributes
	 *
	 * Example of $data:
	 * array(
	 *     'name'    => 'a',  // tag name
	 *     'content' => 'Click!', // content
	 *     'attrs'   => array('href' => 'https://example.com'), // array of tag attributes
	 *     'closing' => true // close the tag <a></a> or not <link/>
	 * )
	 *
	 * @param array $data - tag data array
	 * @param string $id - unique string to identify entry
	 * @param string $group - e.g, 'header' or 'footer'
	 */
	public function addTag($data, $id = '', $group = 'header') {
		if (isset($data) && is_array($data) && isset($data['name'])) {
			$tag = array(
				'name'    => $data['name'],
				'content' => isset($data['content']) ? $data['content'] : '',
				'attrs'   => isset($data['attrs']) && is_array($data['attrs']) ? $data['attrs'] : array(),
				'closing' => isset($data['closing']) ? $data['closing'] : true,
			);

			$this->tags[$group][] = array(
				'tag'     => $tag,
				'id'      => $id,
			);
		}
	}

	/**
	 * @param    string    $group
	 *
	 * @return   array
	 */
	public function getTags($group = 'header') {
		if (isset($this->tags[$group])) {
			return $this->tags[$group];
		} else {
			return array();
		}
	}
	/// >> /ocmod.space/document_addtag]]>
			</add>
        </operation>
    </file>

</modification>
